name,nickname,distribution,origin,size,function,groups,height,weight,life_age,price
丝毛梗,丝毛梗,德国，波美拉尼亚地区,德国,小型犬,玩具犬,玩具犬,22-23cm,4-5kg,14-15 years,2000-25000
迷你杜宾犬,鹿犬,德国,德国,小型犬,玩具犬,玩具犬,25-30cm,3-5kg,14-15 years,1000-4000
川东猎犬,重庆犬，又称邻水狗,中国,四川东部、川渝交界处,中型犬,护卫犬,护卫犬,35-50厘米,15-25公斤,10-14年,1000-5000
边境牧羊犬,边牧,苏格兰,苏格兰边境,中型犬,牧羊犬,牧羊犬，工作犬,48-56cm,14-20kg,10-14 years,500-6600
查理王小猎犬,查理王小猎犬，英国玩具猎...,中国、日本,中国或日本,小型犬,玩具犬,玩具犬,31-33厘米,5-8公斤,10-12年,1500-5000
粗毛柯利犬,苏格兰柯利犬,英国,苏格兰,大型犬,牧羊犬,牧羊犬,51-61厘米,18-30公斤,12-13年,800-4000
伯恩山犬,伯尼尔森嫩猎犬、伯尼塞牧...,瑞士,瑞士,大型犬,牧羊犬,工作犬，牧羊犬,58-70cm,40-44kg,9-12 years,2000起
比特犬,美国比特犬，比特斗牛犬,美国,美国,中型犬,狩猎犬,狩猎犬，工作犬,35-45cm,13-26kg,10-15years,8000左右
波音达猎犬,波音达猎犬,英国,英国,大型犬,枪猎犬,工作犬,60-65cm,27-32kg,12-13 years,1000-30000
中亚牧羊犬,中亚猎狼犬、亚洲猎狼犬,俄罗斯,俄罗斯及中亚诸共和国,大型犬,家庭犬,家庭伴侣犬,60－71厘米,37－50千克,9－11年,2000起
博美犬,松鼠犬/波美拉尼亚犬,德国,德国,小型犬,玩具犬,看守犬和伴侣犬,22-28cm,2-3kg,14-15 years,800-8000
贝灵顿梗,罗丝贝林梗,英国,英国,中型犬,梗类犬,梗犬,38-43厘米,8-10公斤,14-15年,2000元以上
银狐犬,日本丝（绒）毛犬、日本尖...,日本,日本,小型犬,家庭犬,家庭犬,30-38厘米,6.4-10千克,11-12年,1000-1500
中国冠毛犬,中国无毛犬、半毛犬、中国...,英国、美国、中国,中国,小型犬,"伴侣犬,玩具犬",玩具犬,23-33厘米,2-5公斤,14-15年,1500-15000
藏獒,西藏獒、獒犬、番狗、龙狗,中国,中国青藏高原,大型犬,"工作犬,护卫犬",工作犬，护卫犬，猛犬,61-71厘米,64-82公斤,10-16年,500-10000
约克夏梗,约克郡梗、约瑟犬、约瑟猩,英国,英国东北部约克郡,小型犬,"伴侣犬,玩具犬",玩具犬,22-23厘米,2-3公斤,13-14 years,4000--7000
柴犬,doge,日本,日本,中型犬,家庭犬,家庭伴侣犬,35-41cm,8-10kg,10-15 years,500-10000
巴哥犬,八哥犬/哈巴狗,中国内地,中国,小型犬,"伴侣犬,玩具犬",伴侣犬、守门犬,25-28厘米,6-8公斤,13-14年,1200-3000
英国猎狐犬,猎狐犬,英国,英国,大型犬,狩猎犬,工作犬,58-69厘米,25-34公斤,10年-12年,1000-5000
英国斗牛犬,老虎狗、牛头犬,英国、美国,英国,中型犬,"伴侣犬,家庭犬,护卫犬",伴侣犬、家庭犬,51-64厘米,29-48公斤,12-15岁,1000-9000元
英国可卡犬,确架獚、英国斗鸡犬、英国...,英国,英国,中型犬,枪猎犬,工作犬,38-41cm,13-15kg,12-15 years,300-3500
伊比赞猎犬,伊比赞猎犬,法国,巴利阿里群岛,中型犬,狩猎犬,狩猎犬,59-70cm,18-22kg,18-22years,几百到上千不等
意大利灰狗,意大利灵缇，意大利灵缇,意大利,意大利,小型犬,家庭犬,家庭犬,33-38厘米,3-4公斤,10-12年,3500左右
小鹿犬,鹿犬,德国,德国,小型犬,玩具犬,玩具犬,25-30cm,3-5kg,10-15years,1300-8000
喜乐蒂牧羊犬,设得兰群岛牧羊犬、谢德兰...,英国,苏格兰,中型犬,牧羊犬,牧羊犬,33-40厘米,6-12公斤,13-14年,1500-10000
寻血猎犬,圣•休伯特猎犬,比利时,比利时,大型犬,狩猎犬,工作犬,58-69cm,40-50kg,13-14年,3000-10000
西里汉梗,西里汉梗,英国,英国,小型犬,梗类犬,梗犬,25-30厘米,8-9公斤,12-16年,500-2200
巨型雪纳瑞,大型雪纳瑞,德国,德国,大型犬,工作犬,工作犬，家庭犬,60-70cm,34-43kg,10-12年,1000-3000
下司犬,下司犬,贵州省，云贵高原苗岭山系的雷公山区,贵州,中型犬,"工作犬,家庭犬",工作犬，狩猎犬,45-55cm,20-25kg,10-14 years,2000起
西班牙斗牛梗,伯里沙·马罗奎因犬,巴利阿里群岛,巴利阿里群岛,大型犬,护卫犬,护卫犬，猛犬,58-61厘米,55-68公斤,9-11年,8000以上
雪纳瑞犬,雪纳瑞/标准雪纳瑞,德国,德国,中型犬,梗类犬,伴侣犬，家庭犬,44-49cm,23-25kg,13-15years,500-3000
西班牙小猎犬,克伦伯猎鹬犬,西班牙,西班牙,中型犬,枪猎犬,枪猎犬,48-51厘米,29-36公斤,10-12年,10000左右
新斯科舍猎鸭寻猎犬,新斯科舍诱鸭寻回犬,加拿大,加拿大南部的新苏格兰半岛,中型犬,枪猎犬,工作犬,43-53厘米,17-23公斤,10-12年,1000-3000
西藏猎犬,袖狗,中国,中国西藏,小型犬,家庭犬,家庭犬,24-25厘米,4-7公斤,13-14年,500-3000
迷你雪纳瑞犬,"小型雪纳瑞犬,迷你雪娜瑞",德国，美国和加拿大,德国,小型犬,玩具犬,玩具犬,30-39cm,6-9kg,13-16years,1500-3000
西高地白梗,西高地铁利亚、西高地白梗,英国,英国,小型犬,梗类犬,梗犬,25-28厘米,7-10公斤,13-14年,1000起
威玛猎犬,威玛犬，德国魏玛犬，魏玛...,德国,德国,中型犬,枪猎犬,枪猎犬,56-69厘米,32-39公斤,10-12年,3500元
西施犬,狮子犬 、菊花狗,欧美、日本,中国西藏,小型犬,"伴侣犬,玩具犬,家庭犬",玩赏犬,25-27厘米,5-7公斤,12-14年,9000
西帕基犬,舒柏奇犬,比利时,比利时,小型犬,玩具犬,玩赏犬,25.5—30.5cm,5.4—7.3kg,14-16 years,1000-4000
万能梗,梗王、河畔犬、宾格利犬、...,英国,大不列颠,中型犬,梗类犬,梗犬,56-61厘米,20-23公斤,10-12年,5000-10000
细犬,中国细犬、细狗,中国,中国山东,中型犬,狩猎犬,狩猎犬，工作犬,50厘米以上,20-30公斤,9-11年,1000-1500
维希拉猎犬,匈牙利维兹拉犬、捷玛格雅...,匈牙利,匈牙利,大型犬,枪猎犬,枪猎犬，工作犬,57-64cm,22-30kg,13-14年,3500元左右
威尔士柯基犬,"柯基,柯基犬",英国,英国,小型犬,家庭犬,家庭犬,25－30cm,10－12kg,12-14years,5000左右
短毛猎狐梗,平毛猎狐梗、顺毛猎狐梗,英美,英国,小型犬,梗类犬,梗犬,38-39厘米,7-8公斤,13-14年,2500-15000
玩具曼彻斯特犬,曼彻斯特梗、玩具曼彻斯特...,英国,英国,小型犬,,玩具犬,20-30厘米,3-4公斤,14-16年,1000-5000
贵宾犬,贵宾犬,"德国,法国",德国,小型犬,"伴侣犬,玩具犬",玩具犬,20-38厘米,4-8公斤,10-15年,1200-1500
威尔士梗,威尔士爹利（香港）,英国,英国,小型犬,梗类犬,梗犬,36-39厘米,9-10公斤,10-12年,3500-4000
威尔士跳猎犬,威尔士史宾格猎犬,英国,英国威尔士,中型犬,枪猎犬,工作犬,46-48厘米,16-20公斤,12-15年,3000
田野小猎犬,野獚,英国,英国,中型犬,枪猎犬,工作犬,大约45厘米,18-25公斤,10-12年,5000-30000
西藏梗,西藏梗犬，杜克阿普索犬，...,中国,中国 (西藏自治区),中型犬,家庭犬,梗犬,36-45cm,8-15kg,12-15years,1000-3000
比利时牧羊犬,比利时牧羊犬,比利时,比利时,大型犬,牧羊犬,牧羊犬，工作犬,56-66cm,27-34kg,14-15 years,3000-6000
泰迪犬,贵妇犬/泰迪犬,"德国,法国",法国,小型犬,"伴侣犬,玩具犬,家庭犬",玩具犬,20—38cm,4-8kg,13-19 years,1000-3000
玩具猎狐梗,玩具猎狐梗,美国,美国,小型犬,梗类犬,梗犬,21-29cm,5-8kg,8-12years,1800-3000
松狮犬,巧巧犬、獢獢、黑嘴狗、松...,主要分布在气候偏冷地带,中国,中型犬,"伴侣犬,家庭犬",伴侣犬,46-56厘米,20-32公斤,11-12年,500-3000元
土佐犬,土佐斗犬,日本,日本,大型犬,工作犬,工作犬,62-68cm,45-90kg,9-10年,1500以上
苏格兰牧羊犬,柯利犬，柯利牧羊犬，苏牧,英国,英国,大型犬,"牧羊犬,军犬",工作犬,56-66cm,23-34kg,14-16 years,1500起
萨路基猎犬,阿拉伯猎犬、猎羚犬、波斯...,伊朗,中东地区的伊朗,大型犬,狩猎犬,狩猎犬，工作犬,58-71厘米,20—30公斤,11-13年,1000-5000
苏俄牧羊犬,俄国灵缇、俄罗斯猎狼犬,俄罗斯,俄罗斯,,,工作犬,69-79cm,35-48kg,11-13 years,2000~10000
苏格兰猎鹿犬,猎鹿犬,苏格兰,苏格兰,大型犬,狩猎犬,工作犬,76-81厘米,34-50千克,11-12年,200-1200
山地犬,恩特雷布赫牧牛犬、英特布...,美国,美国,中型犬,牧羊犬,牧羊犬,46-58厘米,16-41公斤,10-11年,1000-3000
史毕诺犬,意大利硬毛指示猎犬,意大利,意大利,大型犬,枪猎犬,工作犬,61-66厘米,32-37公斤,12-15年,1000-5000
苏联红,莱州红、朱桥红、山东红,莱州、龙口、烟台和全国各地,中国山东,大型犬,工作犬,工作犬,60-80cm,30-45kg,10-11年,1500-8000
美国斯塔福梗,斯塔福犬/大型美国斯塔福梗,英美,英国,中型犬,梗类犬,梗犬,48-50厘米,25-30千克,10-13年,800-2500
爱尔兰水猎犬,爱尔兰水猎鹬犬、爱尔兰水...,爱尔兰,爱尔兰,中型犬,狩猎犬,工作犬,51-58厘米,20-30公斤,10-12年,800-3000
沙皮犬,"沙皮狗,大沥犬",中国,中国广东南海大沥镇一带,中型犬,"伴侣犬,枪猎犬",工作犬,46-51cm,16-20kg,11-12 years,500起
萨摩耶犬,"萨摩,萨摩耶德犬,萨摩耶犬,...",西伯利亚,北俄罗斯和西伯利亚,中型犬,工作犬,工作犬,48-59厘米,23-30公斤,12-15年,500-3000
英国史宾格犬,英国激飞猎犬/英国跳猎犬,英美,英国,中型犬,"枪猎犬,缉毒犬,军犬",工作犬,46-48cm,16-20kg,12-14年,2000-3000
日本狆,日本跳狗,西藏,西藏,小型犬,家庭犬,家庭犬,18-28cm,2-7kg,12-13yesrs,1000-6000
奇努克犬,奇努克犬,美国,美国,大型犬,工作犬,工作犬,53-61厘米,29-41公斤,13－14年,3000-6000
树丛浣熊猎犬,赶上树竞走者猎浣熊犬,美国,美国,中型犬,枪猎犬,工作犬,51-69cm,23-32kg,12-13 years,3000以上
切萨皮克海湾寻回犬,乞沙贝克寻回猎犬，乞沙比...,美国,美国,大型犬,枪猎犬,枪猎犬，工作犬,53-66厘米,25-34公斤,10-12年,1000-5000
苏格兰梗,亚伯丁梗，苏格兰小子,英国,英国苏格兰,小型犬,护卫犬,梗犬,25-28厘米,8-10公斤,10-14年,1000-5000
拳师犬,"拳师、拳狮,德国拳师犬",德国,德国,中型犬,"伴侣犬,工作犬",工作犬,53-63厘米,25-32公斤,12-13年,2000-10000
秋田犬,日本秋田犬/日系秋田犬,日本,日本,中型犬,工作犬,工作犬，家庭犬,66-71厘米,45-55公斤,10-12年,500-10000
葡萄牙水犬,靠德阿古阿犬,欧洲大陆地区,葡萄牙,中型犬,工作犬,工作犬,43-58厘米,16-25公斤,10-14年,2000-5000
普罗特猎犬,布劳特猎犬,美国,美国,大型犬,狩猎犬,工作犬,51-69厘米,20-36公斤,10-12,1000-10000
苏塞克斯猎犬,塞式猎犬,英国,英国,中型犬,枪猎犬,工作犬,38-41cm,约22kg,12-15年,800-3000
纽芬兰犬,纽芬兰犬,加拿大,加拿大,大型犬,工作犬,工作犬  伴侣犬,66-71厘米,50-68公斤,9-15年,1000-8000
牛头梗,牛头梗,英国,英国,中型犬,梗类犬,梗犬,53-56cm,24-28kg,11-13years,1500起
斯塔福郡斗牛梗,"斯达福,斯达福夏牛头梗",英国,英国,中型犬,梗类犬,家庭犬,36-41厘米,11-17公斤,10-16年,800-2500
纽波利顿獒犬,拿波里獒犬,意大利,意大利,大型犬,工作犬,工作犬,65-75cm,50-68kg,9-11 years,1000-10000
诺福克梗,罗福梗,英国,英国,小型犬,梗类犬,梗犬,25-26厘米,5-5.5公斤,12-15年,500-2000
挪威布哈德犬,挪威布哈德犬,挪威,挪威,中型犬,牧羊犬,牧羊犬,41-46厘米,24-26公斤,12－15年,1800-3000元
挪威猎鹿犬,挪威黑猎鹿犬 挪威猎麋犬 ...,挪威,挪威,中型犬,狩猎犬,猎犬,49-52厘米,20-23公斤,12-15年,2500元以上
小型葡萄牙波登可犬,小型葡萄牙波登可犬,葡萄牙,葡萄牙,小型犬,狩猎犬,狩猎犬,20-31cm,4-6kg,12-14years,"10,000以上"
美国斗牛犬,美国斗牛犬,美国,欧洲,大型犬,护卫犬,家庭犬,48－71厘米,30－60千克,11－12年,3000-5000
美国水猎犬,大型美国水猎犬,美国,美国,中型犬,枪猎犬,枪猎犬,36-46厘米,11-20公斤,12-15年,1500-8000
挪威伦德猎犬,挪威海鹰犬,挪威,挪威,中型犬,家庭犬,家庭伴侣犬,31-39厘米,5-6公斤,12年,1000-5000
马犬,"马里努阿犬,比利时马林诺斯...",比利时,比利时,大型犬,"牧羊犬,缉毒犬,军犬",工作犬，牧羊犬,56-66cm,25-30kg,12-15years,8000-10000
美国斗牛梗,斗兽场斗牛梗,美国、欧洲,美国,中型犬,"梗类犬,家庭犬",家庭犬，梗犬,46-56厘米,23-36公斤,10-14年,8000起
帕尔森•罗塞尔梗,杰克罗塞尔梗,英国,英国,小型犬,梗类犬,梗类犬,32-35厘米,6-7千克,12-14年,8000左右
马士提夫獒犬,大獒,英国,英国,大型犬,"工作犬,护卫犬",护卫犬,70-91厘米,68-100公斤,9-11 年,3000-10000
彭布罗克威尔士柯基犬,柯基/彭布罗克柯基,英国,英国,小型犬,牧羊犬,牧羊犬,10-13.5千克,25-30.5厘米,12-15年,1800-10000
迷你牛头梗,迷你牛头梗,多数分布在英格兰,英国,小型犬,梗类犬,梗犬,25-35 厘米,11-15 公斤,10-12年,2600起
马尔济斯犬,马尔他犬或摩天使,亚洲、欧洲,地中海的英国属地－马尔他岛,小型犬,"伴侣犬,玩具犬",玩赏犬,20－26厘米,2.5－4千克,14-16年,2500-5000
美国猎狐犬,美国猎狐犬,美国,美国,大型犬,狩猎犬,狩猎犬，工作犬,53-64厘米,30-34公斤,10—12年,1000-3000
墨西哥无毛犬,佐罗兹英特利犬、标准型墨...,欧洲,墨西哥,小型犬,家庭犬,家庭犬,28-31厘米,4-8公斤,15年及以上,3500-5000
米格鲁猎兔犬,比格犬/比格猎犬,英国,英国,小型犬,狩猎犬,工作犬,33-41cm,8-14kg,12-15years,1000-2000
美国恶霸犬,美国恶霸犬,"欧洲,亚洲,美洲",美国,中型犬,家庭犬,家庭伴侣犬,40-58cm,30-50kg,10-20年,8000-30000
迷你贝吉格里芬凡丁犬,贝吉格里芬凡丁犬,法国,法国,小型犬,枪猎犬,枪猎犬,33-38cm,24-31kg,11-14 years,1000-3000
罗威纳犬,罗威纳、洛威拿、罗特威勒...,德国,德国,大型犬,"工作犬,军犬,护卫犬",工作犬，护卫犬,58-69厘米,41-50公斤,9-11年,5000-20000
狼青,狼青,中国北方、中国西南、日本,中国,大型犬,"工作犬,军犬",工作犬，护卫犬,65-90cm,22-40kg,15-20年,1000-2000
兰波格犬,兰伯格犬,德国,德国,大型犬,工作犬,工作犬,65～80cm,40～60kg,8-9年,150-500
拉布拉多犬,拉布拉多、拉不拉多,全世界,英国,中型犬,"伴侣犬,工作犬,缉毒犬,军犬,导盲犬",工作犬，伴侣犬,54-57厘米,25-34公斤,8-12年,500-10000
腊肠犬,腊肠犬,遍及各地,德国,中型犬,"伴侣犬,狩猎犬",工作犬，伴侣犬,18-23厘米,11-15公斤,12-17年,1500-10000
猎狐梗,刚毛猎狐梗，平毛猎狐梗,英国,英国,小型犬,梗类犬,梗犬,38-39cm,7-8kg,13-14years,2000-8000
罗得西亚脊背犬,猎狮犬，非洲狮子犬,南非,南非,大型犬,狩猎犬,工作犬,61-69厘米,30-39公斤,12年,1000-3000
罗秦犬,小狮子犬,欧洲,法国,小型犬,家庭犬,家庭犬,30-35厘米,10千克左右,13-14年,1000-3000
美国可卡犬,可卡獚、斗鸡獚、斗鸡犬、...,欧美国家,美国,小型犬,枪猎犬,枪猎犬,34-38厘米,10-13千克,12-15年,2500-10000
凯利蓝梗,爱尔兰梗,爱尔兰,爱尔兰,中型犬,梗类犬,梗犬，家庭犬,46-48厘米,15-18公斤,13-14年,2000以上
凯斯梗,凯斯梗,荷兰,荷兰,小型犬,"梗类犬,家庭犬",梗类犬、伴侣犬,23-25厘米,8-10公斤,10-12年,3000元以上
昆明犬,昆明狼犬、中国狼犬,中国,昆明,大型犬,"工作犬,缉毒犬,军犬",工作犬,60-70cm,30-40kg,10-15 years,1000-3000
猎水獭犬,奥达猎犬,英国,英国,大型犬,狩猎犬,工作犬,60-68厘米,36-52公斤,10-12年,1500-5000
卡斯罗,卡斯罗,意大利,意大利,大型犬,工作犬,工作犬,56-71厘米,36-63公斤,11-12 年,4000起
拉萨犬,西藏犬，拉萨狮子犬、西藏...,中国,青藏高原,小型犬,"伴侣犬,家庭犬",家庭犬,25-28cm,6-7kg,12-13years,3000起
库瓦兹犬,库瓦兹犬,匈牙利,匈牙利,大型犬,工作犬,工作犬,66-75厘米,30-52公斤,11-13年,100-500
凯恩梗,凯恩梗,英国,英国,小型犬,梗类犬,梗犬,25-30厘米,6-7公斤,12-15年,1000-5000
卡迪根威尔士柯基犬,卡狄根柯基犬、卡地甘威尔...,英国、美国,英国,小型犬,牧羊犬,牧羊犬,27-32厘米,11-17公斤,12-15年,2.2万元以上
吉娃娃,迷你狗、茶杯犬、芝娃娃、...,美国、欧洲、亚洲,墨西哥,小型犬,"伴侣犬,玩具犬",玩赏犬,15-23厘米,1-3公斤,13-14年,500-5000
金毛,金毛寻回猎犬、黄金猎犬,英国,英国,大型犬,"伴侣犬,家庭犬,缉毒犬,导盲犬",家庭伴侣犬，工作犬,55-61厘米,27-34公斤,10-12年,200-4000
京巴犬,宫廷狮子狗、北京犬,中国,中国,小型犬,"伴侣犬,玩具犬",家庭犬,15-23cm,3-6kg,12-13年,1000-3500
库达犬,巴基斯坦库达犬,巴基斯坦,巴基斯坦,大型犬,"狩猎犬,工作犬,护卫犬",狩猎犬，工作犬,76-91厘米,55-60公斤,10-15年,3000-10000
捷克狼犬,捷克狼犬,捷克,捷克斯洛伐克威勒科犬,大型犬,牧羊犬,牧羊犬，工作犬,60－75厘米,20-35公斤,12-16年,7000-20000
可蒙犬,拖把犬，克蒙多犬,欧洲、北美,匈牙利,大型犬,"工作犬,护卫犬",工作犬,65.7~69.5cm,36~45kg,10-12年,3000起
卡南犬,卡南犬,以色列,以色列,大型犬,牧羊犬,牧羊犬，工作犬,50-60厘米,18-25公斤,12-15年,3000左右
捷克梗,波希米亚梗,捷克和斯洛伐克,捷克和斯洛伐克,,,梗犬,25-36厘米,5.5-8公斤,12-15年,2000-12000
卷毛比雄犬,特内里费狗，又称维•弗里...,法国,法国,小型犬,"伴侣犬,家庭犬",伴侣犬,23-30厘米,3-6公斤,14-15年,500-2500
蝴蝶犬,蝶耳犬、巴比伦犬,法国,法国,小型犬,"伴侣犬,玩具犬",玩赏犬,20-28厘米,3-5公斤,13-14年,500-1000
卷毛寻回犬,"卷毛巡回犬,卷毛寻回猎犬",英国,英国,大型犬,枪猎犬,工作犬,65-69厘米,30-35公斤,8-12年,1000-3000
杰克罗素梗,杰克罗塞尔梗、杰克拉西尔...,英国,英国南部,小型犬,梗类犬,梗犬,25-26厘米,4-7公斤,12-14年,6000-8000
黑熊犬,格罗安达犬和冀中黑熊犬,中国,中国河北,大型犬,牧羊犬,工作犬,58-72厘米,40-45公斤,12-15年,3000-5000
加纳利犬,加纳利犬,加那利群岛,加那利群岛,中型犬,"家庭犬,护卫犬",家庭犬,55-65cm,38-48kg,9-11年,3000-10000
红狼犬,湘西五陵山脉狼犬 雪峰山脉...,中国,中国湖南湘西,中型犬,"伴侣犬,工作犬",工作犬,53-65厘米,20-35公斤,,800-2000
红骨猎浣熊犬,红骨猎浣熊犬,美国,美国,大型犬,狩猎犬,狩猎犬，工作犬,53～66cm,20～32kg,11-12年,500起
哈士奇,西伯利亚雪橇犬,俄罗斯,俄罗斯西伯利亚地区,中型犬,家庭犬,工作犬,51-60厘米,16-27公斤,12-15 years,500-5500
黑褐猎浣熊犬,美国黑褐色猎浣熊犬、赶上...,美国,美国,大型犬,工作犬,工作犬,63.5-68.5cm,25-35kg,10-12 years,1500-8000
惠比特犬,威比特犬，惠比特，鞭犬，...,英国,英国,中型犬,狩猎犬,工作犬,43-51厘米,12-13公斤,13-14年,3000左右
黑俄罗斯梗,黑梗、黑俄罗斯爹利、俄罗...,俄罗斯,俄罗斯,大型犬,工作犬,工作犬,63-75cm,40-65kg,10-11years,3500-30000
湖畔梗,佩特戴尔梗,英国,英国,小型犬,梗类犬,梗犬,33-38厘米,7-8公斤,10-12年,1000-3000
格力犬,灰狗,中东地区，澳洲,中东地区,大型犬,狩猎犬,工作犬，狩猎犬,60-76cm,29-35kg,10-12 years,2000以上
黑狼犬,中华黑狼犬、纯种黑狼犬、...,主要集中在中国北方,中国北方,大型犬,"工作犬,护卫犬",护卫犬，工作犬,65-75cm,40-65kg,10-14年,3000-5000
英国古代牧羊犬,古牧，截尾犬,英国,英国,大型犬,"伴侣犬,牧羊犬",牧羊犬，工作犬,53-56cm,26-38kg,10-12years,1800~3000
荷兰毛狮犬,荷兰的船犬、胖博美,荷兰,荷兰,中型犬,玩具犬,玩具犬,43-46cm,25-30kg,10-12 years,1000-10000
哈瓦那犬,哈瓦那比雄犬,古巴,古巴,小型犬,玩具犬,玩赏犬,20-28cm,3-6kg,14years,1000-8000
高加索犬,俄罗斯熊犬,俄罗斯,俄罗斯高加索共和国,大型犬,"牧羊犬,军犬",牧羊犬，工作犬,64-72cm,45-70kg,9－11年,10000左右
法国狼犬,"法国短毛牧羊犬,Beauce牧羊...",法国,法国,大型犬,"牧羊犬,工作犬",牧羊犬，工作犬,64-71厘米,30-39公斤,10-12年,1000-5000
芬兰猎犬,"芬兰狐狸犬,芬兰狐犬",芬兰,芬兰,中型犬,家庭犬,家庭犬,44-50厘米,23-27公斤,12-14年,800-3000元
法国斗牛犬,法斗,法国,法国,中型犬,"伴侣犬,家庭犬",家庭伴侣犬,30-31厘米,10-13公斤,11-12年,3000起
芬兰拉普猎犬,拉品可亚犬、拉普兰得犬,挪威、瑞典和芬兰的北部,芬兰,中型犬,牧羊犬,牧羊犬,46-52厘米,20-21公斤,11-12年,1000-10000
法老王猎犬,科博特菲勒犬，猎兔犬,埃及,埃及,大型犬,狩猎犬,狩猎犬，工作犬,53-64厘米,20-25公斤,12-14年,50000起
斗牛犬,老虎狗、牛头犬、英国斗牛...,英国,大不列颠群岛,中型犬,玩具犬,玩具犬,51-64cm,29-48kg,7-9 years,1000-10000
大麦町犬（斑点狗）,斑点狗,英法,南斯拉夫,中型犬,家庭犬,家庭伴侣犬,50-61cm,23-25kg,11-12 years,800-3000
刚毛猎狐梗,刚毛猎狐梗,世界很多地方都有饲养,英国,小型犬,梗类犬,梗犬,38-39cm,7-8kg,15年及以上,2200左右
斗牛梗,斗兽场斗牛梗，美国斗牛犬,英国,英国,中型犬,梗类犬,梗犬,53-56cm,24-28kg,11-12 years,1000-5000
杜宾犬,多伯曼犬,德国,德国,大型犬,,狩猎犬，工作犬,66-71cm,30-40公斤,10-14 years,400-9000
大丹犬,德国犬或德国獒犬，或是丹...,德国,德国,大型犬,"工作犬,军犬",工作犬，护卫犬,71-76厘米,46-54公斤,8-10 years,1500-9000
可卡犬,猎鹬犬,英国和美国,英国和美国,中型犬,"伴侣犬,家庭犬",家庭犬,38-41厘米,10-13千克,12-15年,800-9000
东非猎犬,阿拉伯猎犬、猎羚犬、瞪羚...,埃及,埃及,"中型犬,大型犬",狩猎犬,工作犬,58-71厘米,20-25公斤,10-12年,3000起
德国短毛波音达,德国短毛波音达猎犬等,德国,德国,大型犬,枪猎犬,枪猎犬,60-65cm,27-32kg,12-13 years,3000左右
大瑞士山地犬,格若瑟思古则塞那德犬,瑞士,瑞士,,,工作犬,65~72厘米,59-61公斤,10-11年,1000-3000
大白熊犬,比利牛斯山地犬,法国,法国,大型犬,工作犬,工作犬，护卫犬,65-81cm,45-60kg,9-12 years,1500起
短脚长身梗,矮脚狄文梗,英国,英国,小型犬,梗类犬,梗犬,20-27cm,8-10kg,10-14 years,1000-5000
德国硬毛波音达,德国刚毛指示犬、德国刚毛...,德国,德国,中型犬,枪猎犬,枪猎犬,56-67厘米,27-32公斤,15-17年,3500
东德牧羊犬,捷克深狼青,德国,前“民主德国”（即东德）与前“捷克斯洛伐克共和国” 边境,大型犬,工作犬,工作犬,55-65cm,22-40kg,12-16年,3000-5000
比熊犬,特内里费狗，巴比熊犬，比...,地中海地区,地中海地区,小型犬,玩具犬,伴侣犬，家庭犬,24-29cm,3-7kg,12-15岁,3000以上
波尔多犬,法国獒犬、波尔多牛头犬,法国,法国波尔多地区,大型犬,工作犬,工作犬,58-69cm,45-50kg,9-11年,5000-20000
巴仙吉犬,刚果犬，吠叫犬,非洲,非洲中部地区,中型犬,工作犬,工作犬,40-43cm,9.5-11kg,10-12years,1000-3000
巴西非勒犬,Fila Brasileiro,巴西,巴西,大型犬,"伴侣犬,家庭犬",家庭伴侣犬,61－76厘米,41－50千克,9－11年,3000-10000
比利牛斯牧羊犬,莱布瑞特犬,法国,法国及比利牛斯山脉,中型犬,牧羊犬,牧羊犬，工作犬,38-56厘米,8-15公斤,12-13年,1000-5000
杜高犬,阿根廷獒,阿根廷,阿根廷,大型犬,"家庭犬,护卫犬",家庭犬，护卫犬,61-69cm,36-45kg,10-11 years,2000-3000
比利时特伏丹犬,比利时特伏丹犬,比利时,比利时,中型犬,牧羊犬,牧羊犬，工作犬,55-60cm,26-28kg,12-15年,1000-5000
斗牛马士提夫犬,斗牛獒犬,英国,英国,大型犬,工作犬,工作犬,64-69cm,41-59kg,9-11 years,3000左右
波兰低地牧羊犬,波兰低地牧羊犬,波兰,波兰,中型犬,牧羊犬,牧羊犬,41-51厘米,14-16公斤,13-15年,1000-10000
德国宾莎犬,德国刚毛小猛犬  德国平犬,德国,德国,中型犬,狩猎犬,工作犬,45-50厘米,14-20公斤,12-14年,2000-20000
波利犬,匈牙利波利犬,匈牙利,匈牙利,中型犬,牧羊犬,牧羊犬,37-44cm,10-15kg,10-12 years,1000-20000
波士顿梗,波士顿狗,美国,美国波士顿,中型犬,家庭犬,工作犬,38-43cm,4-11kg,12-13years,1000-3000
冰岛牧羊犬,"冰岛犬,  弗里亚犬",冰岛,冰岛,中型犬,牧羊犬,牧羊犬，工作犬,31-41厘米,11-14公斤,9-14年,5000-10000
巴斯特牛头梗,巴斯特牛头梗,英国,英国,小型犬,家庭犬,家庭犬,48-56厘米,18-22公斤左右,10-12年,1500-10000
比格犬,猎兔犬，格鲁猎犬,美国，日本,英国,小型犬,狩猎犬,狩猎犬,33-41厘米,8-14公斤,12-15年,1500-2000
巴西獒犬,菲勒布瑞斯莱亚犬、考迪菲...,巴西,巴西,大型犬,家庭犬,工作犬，家庭犬,61-76cm,41-50kg,9-11年,3000-6000
布鲁塞尔格里芬犬,比利时粗毛犬、布鲁塞尔格...,北美和英国,比利时,小型犬,玩具犬,玩具犬,18-20厘米,2.5-5.5公斤,12-15年,1000-6000
捕鼠梗犬,美国捕鼠梗犬,美国,英国,小型犬,梗类犬,梗犬,36-40厘米,10-18公斤,11-14年,1000-5000
澳大利亚牧羊犬,澳牧,法国,法国以及西班牙的巴斯科地区,中型犬,工作犬,工作犬,50-59cm,16-32kg,12-13years,2000-8000
巴吉度犬,法国短脚猎犬，巴吉度猎犬...,法国，英国,法国,小型犬,狩猎犬,狩猎犬，工作犬,33-38厘米,18-27公斤,12-13年,1000-7000
布列塔尼犬,伊巴尼尔•布列顿犬、不列...,法国,法国,中型犬,枪猎犬,狩猎犬,46-52厘米,13-15公斤,10-12年,1000-2000
爱尔兰梗,爱尔兰红梗,爱尔兰,爱尔兰,中型犬,梗类犬,家庭犬,46-48厘米,11-12公斤,12-15年,2500-10000
博得猎狐犬/边境梗,边境梗,遍及全世界,英国,小型犬,梗类犬,梗犬,20-25厘米,5-7公斤,10年-12年,1000-3000元
爱尔兰猎狼犬,爱尔兰猎狼犬,爱尔兰,爱尔兰,大型犬,枪猎犬,枪猎犬，工作犬,71-90厘米,40-55公斤,6-8年,1000-30000
阿富汗猎犬,阿富汗犬、阿富汗、俾路支...,阿富汗及其周边地区，西方国家等,阿富汗,大型犬,狩猎犬,狩猎犬，工作犬,64-74厘米,23-27公斤,12-15年,2000起
爱尔兰雪达犬,爱尔兰塞特犬,爱尔兰,爱尔兰,大型犬,狩猎犬,狩猎犬，工作犬,61-71厘米,25-34公斤,12-14年,1000-5000
阿拉斯加雪橇犬,阿拉斯加犬，阿拉斯加马拉...,德国,德国,,工作犬,工作犬，家庭犬,58-71厘米,39-56公斤,12～20年,500-5000
澳大利亚牧牛犬,昆士蓝赫勒犬、蓝色赫勒犬,澳大利亚,澳大利亚,中型犬,工作犬,工作犬,43-51厘米,16-20公斤,12-15年,2000-15000
爱尔兰红白雪达犬,非纯色长毛猎犬；爱尔兰长...,爱尔兰,爱尔兰,大型犬,枪猎犬,枪猎犬，工作犬,58-69厘米,27-32公斤,13年,1800-4000
爱尔兰赛特犬,爱尔兰雪达，爱尔兰蹲猎犬...,爱尔兰,爱尔兰,大型犬,枪猎犬,枪猎犬，工作犬,61-71厘米,25-34公斤,12-14 years,1000-5000
爱尔兰峡谷梗,爱尔兰依马尔山谷梗,爱尔兰,爱尔兰,小型犬,梗类犬,家庭犬,46～48厘米,11～12公斤,12-13年,1000以内
澳大利亚梗,澳洲梗,澳洲,澳大利亚,小型犬,梗类犬,玩具犬，梗犬,24-25厘米,5-6公斤,14年,大概1000-3000
爱斯基摩犬,美国爱斯基摩犬,美国,美国,中型犬,工作犬,工作犬,51-69厘米,27-48公斤,12－13年,500-10000
茶杯犬,小型吉娃娃,欧美,美国,小型犬,玩具犬,玩具犬,27cm以下,1.4kg以下,10岁以内,10000-30000
